,left_ear,right_ear,ear,left_eye_width,left_eye_height_1,left_eye_height_2,right_eye_width,right_eye_height_1,right_eye_height_2,label,outlier_feature_count,outlier_features
24,0.372818846506237,0.3341652171742466,0.3534920318402418,0.0372350480246969,0.0142630695041416,0.013500785804202,0.036939678146592,0.0117637881235152,0.01292412301689,OPEN,1,ear
25,0.1694088699926198,0.1522238394224815,0.1608163547075506,0.0357981201091983,0.0065106557044676,0.005618382446651,0.0382001169648271,0.0054726932037595,0.0061572437377881,OPEN,7,"left_ear, right_ear, ear, left_eye_height_1, left_eye_height_2, right_eye_height_1, right_eye_height_2"
26,0.3321186526491094,0.3317505600729057,0.3319346063610076,0.0357309407311062,0.0122025997086147,0.0115312240783856,0.0371766880520015,0.0117240525485555,0.0129427216172588,OPEN,3,"left_ear, right_ear, ear"
30,0.1915913599524402,0.195312541335527,0.1934519506439836,0.0353519950763668,0.0073040966568239,0.0062421769706022,0.0378756544438155,0.0069145978295955,0.0078805828187401,OPEN,6,"left_ear, right_ear, ear, left_eye_height_1, left_eye_height_2, right_eye_height_1"
31,0.1819779849197378,0.2661506800929145,0.2240643325063262,0.035085725140521,0.0070132789916812,0.0057563801293583,0.0382542284119511,0.0096302885500945,0.0107324892664464,OPEN,5,"left_ear, right_ear, ear, left_eye_height_1, left_eye_height_2"
32,0.3614951311738393,0.3224160275637732,0.3419555793688063,0.0346299568565045,0.013093390931887,0.0119437306608859,0.0382308586708863,0.0119197598103436,0.0127327233556947,OPEN,2,"right_ear, ear"
68,0.4498864296326148,0.5206140826972786,0.4852502561649467,0.0375508888207071,0.0173853629115908,0.0164019076905675,0.0371530633278617,0.0189239638038297,0.0197608521638274,OPEN,1,right_ear
75,0.2539898111170272,0.2501810801221143,0.2520854456195708,0.0354509768642087,0.009412841450092,0.0085955323852168,0.035449724498224,0.0082161975418116,0.0095215031881824,OPEN,5,"left_ear, right_ear, ear, left_eye_height_1, left_eye_height_2"
76,0.3273148449885044,0.3385727912556945,0.3329438181220994,0.0353042600559347,0.0118762029741246,0.0112350138411596,0.0343721817685421,0.0109107687953089,0.0123642022505378,OPEN,2,"left_ear, ear"
127,0.2726317197983156,0.3041781469107872,0.2884049333545514,0.0352271348355325,0.0100872299982738,0.0091208387092829,0.0347795280398749,0.0099401566381122,0.0112181881410895,OPEN,5,"left_ear, right_ear, ear, left_eye_height_1, left_eye_height_2"
128,0.3412743318180305,0.3720865192955285,0.3566804255567795,0.0354234237881728,0.012383937208285,0.0117942733597461,0.0357365244534955,0.0127134992939157,0.0138806586973256,OPEN,2,"left_ear, ear"
212,0.2137342643138203,0.2389165096841826,0.2263253869990014,0.0365863038546363,0.0081212357726705,0.0075182577039945,0.0359223356402056,0.0080218159846542,0.009143062117069,OPEN,5,"left_ear, right_ear, ear, left_eye_height_1, left_eye_height_2"
213,0.1578691125976871,0.1897278245356174,0.1737984685666523,0.0363234458760226,0.0060296503675821,0.0054390499662935,0.035577144596852,0.0062281078974688,0.0072718405976308,OPEN,7,"left_ear, right_ear, ear, left_eye_height_1, left_eye_height_2, right_eye_height_1, right_eye_height_2"
214,0.2836139317147968,0.3246709023321842,0.3041424170234905,0.0359377465069579,0.0105157757773021,0.0098691153903139,0.0351983523408967,0.011137009352724,0.011718752277526,OPEN,4,"left_ear, right_ear, ear, left_eye_height_1"
258,0.3247771212923311,0.3192767831071388,0.322026952199735,0.0345244658757722,0.0116424752024746,0.0107830380801025,0.0336048186949239,0.0101826887420304,0.0112757880775975,OPEN,3,"left_ear, right_ear, ear"
259,0.1901637494934006,0.1955923830776851,0.1928780662855428,0.0340038486773734,0.0069053642309584,0.0060272344924326,0.0360759434524755,0.0066962181952242,0.0074161413080667,OPEN,7,"left_ear, right_ear, ear, left_eye_height_1, left_eye_height_2, right_eye_height_1, right_eye_height_2"
260,0.3440850981225215,0.3268238389433737,0.3354544685329476,0.0318824967731816,0.0118578544151607,0.0100827296460216,0.0371678179147648,0.0119403309795211,0.0123543268925823,OPEN,3,"left_ear, right_ear, ear"
355,0.3551230076239486,0.353703812040114,0.3544134098320313,0.029840315789254,0.0107108817663326,0.0104830836167239,0.0286638334367345,0.0097301719997751,0.0105468423087366,OPEN,2,"ear, left_eye_height_1"
363,0.4142649852997024,0.4477688985373689,0.4310169419185357,0.0287003253100096,0.011884116574683,0.0118949631106125,0.0250625745095085,0.0108438542663466,0.0116006284989201,OPEN,1,left_eye_width
365,0.4423814982347149,0.4738876009116538,0.4581345495731843,0.0284682396929698,0.0125272762672258,0.012660368787736,0.0243512710699675,0.0111456298807534,0.0119339009722391,OPEN,1,left_eye_width
366,0.4484090589441268,0.4840303662264294,0.4662197125852781,0.0286589694662173,0.0128228874538943,0.0128789956034156,0.0242181776587106,0.011326914685624,0.0121177521173407,OPEN,1,left_eye_width
367,0.427504612777527,0.4496270073287742,0.4385658100531506,0.0277153906398382,0.0118962344901468,0.011800680196777,0.0240994878402691,0.0103896590376071,0.0112819021539456,OPEN,1,left_eye_width
368,0.4359098682189632,0.4498188825973813,0.4428643754081722,0.0280485509302,0.0122478526967125,0.0122054275827201,0.0242068101460118,0.0103794640791232,0.0113978965031287,OPEN,1,left_eye_width
369,0.427633720968321,0.4339501456136021,0.4307919332909615,0.0285403004828647,0.0122384445201258,0.012171145265957,0.0243465473809601,0.0101013272780684,0.0110290482842438,OPEN,1,left_eye_width
370,0.4300353792682685,0.4391706086228567,0.4346029939455625,0.0283497996296189,0.0122506934075293,0.0121321402642758,0.0245268779990447,0.0103641909960158,0.0111787768809022,OPEN,1,left_eye_width
371,0.4191647846341531,0.4156665844537978,0.4174156845439754,0.0284024001363039,0.0120726145158142,0.0117379573566395,0.0253569304284793,0.0100977986423955,0.0109822586844815,OPEN,1,left_eye_width
443,0.3008729502829593,0.1375328348915118,0.2192028925872356,0.0310743478428493,0.0100284630195088,0.0086703984076851,0.0355734640709939,0.0045325774653396,0.0052524612558506,OPEN,7,"left_ear, right_ear, ear, left_eye_height_1, left_eye_height_2, right_eye_height_1, right_eye_height_2"
444,0.330137385405935,0.2304208615054372,0.2802791234556862,0.0320957282199744,0.0111440752204124,0.0100479243740712,0.0342207581045991,0.0074036392891343,0.0083667138385274,OPEN,3,"left_ear, right_ear, ear"
445,0.3860426875749309,0.3269481231342993,0.3564954053546151,0.0338403624375407,0.0133174230467831,0.0128102258810127,0.0305524883501924,0.0096253870401948,0.010352770406161,OPEN,2,"right_ear, ear"
446,0.3531952407262509,0.3700398781226928,0.3616175594244718,0.0343029524969056,0.0123292347842039,0.0119020443453275,0.0295885078208992,0.0105367682893031,0.0113610873664526,OPEN,1,left_ear
447,0.3610422431714394,0.3181604661147006,0.33960135464307,0.0349377937703292,0.012698168704167,0.0125298701644345,0.0291799495815395,0.0089799061735605,0.0095879065465716,OPEN,2,"right_ear, ear"
452,0.4227651253731992,0.3300946247617731,0.3764298750674861,0.0355859825322458,0.0149936711890072,0.0150953535445395,0.0275547775979666,0.0088130932137635,0.0093782747294263,OPEN,1,right_ear
504,0.308084073185472,0.2477947805151817,0.2779394268503268,0.0317068917801218,0.0097383736975657,0.009798403037776,0.0298798692107486,0.0067778128998535,0.008030338365946,CLOSED,2,"left_eye_height_1, left_eye_height_2"
505,0.3308757816588519,0.3068182544059694,0.3188470180324106,0.0307130236235497,0.0104010049167012,0.0099233864803963,0.0299015942683804,0.008512834346703,0.0098358755680569,CLOSED,4,"left_ear, ear, left_eye_height_1, left_eye_height_2"
506,0.3481065502218093,0.3337606705787056,0.3409336104002575,0.030508549693477,0.0108822980777978,0.010358153894336,0.0300965736277748,0.0093529449340188,0.0107371602582362,CLOSED,4,"left_ear, ear, left_eye_height_1, left_eye_height_2"
507,0.3302660313040241,0.346644450368691,0.3384552408363576,0.0310553152796976,0.0105419596144418,0.0099710718422,0.0299580681632201,0.0097525890056558,0.0110170071394385,CLOSED,4,"left_ear, ear, left_eye_height_1, left_eye_height_2"
581,0.3462650560452329,0.3053964295386802,0.3258307427919565,0.0319973063702366,0.0111982622347364,0.0109608359324365,0.0301474452159685,0.0087030379183312,0.0097108063390083,CLOSED,4,"left_ear, ear, left_eye_height_1, left_eye_height_2"
582,0.3609849420245442,0.3546160967307311,0.3578005193776377,0.0312445380130226,0.0114127488928347,0.0111448665935945,0.0296958363262603,0.0099672075418533,0.0110940355924927,CLOSED,4,"left_ear, ear, left_eye_height_1, left_eye_height_2"
583,0.3371318629310564,0.3759269210257936,0.356529391978425,0.0301951193705262,0.0103742313988984,0.0099852422907238,0.02870918786442,0.0102741905012593,0.0113109226967857,CLOSED,5,"left_ear, right_ear, ear, left_eye_height_1, left_eye_height_2"
632,0.3064826548055989,0.3479650320556767,0.3272238434306378,0.0317386586751982,0.0098771317861516,0.0095775649553353,0.0307999635362432,0.0102804317112548,0.0111541888871502,CLOSED,3,"ear, left_eye_height_1, left_eye_height_2"
633,0.2980714510997618,0.3465118999114784,0.3222916755056201,0.0315089661580745,0.0097098734904746,0.0090739730403064,0.0306139515211746,0.0101938505827201,0.01102234642808,CLOSED,2,"ear, left_eye_height_1"
746,0.1975764349295487,0.4114347484684021,0.3045055916989754,0.0369260041193935,0.0074859131322507,0.0071055033679564,0.0185978447901781,0.0080382860321325,0.0072653131544701,CLOSED,1,right_ear
747,0.1815407813059597,0.4417897845217607,0.3116652829138602,0.0381739487642762,0.0070608371395654,0.0067994198288353,0.0183405435685668,0.0084241137266305,0.0077812158557076,CLOSED,1,right_ear
748,0.227015291382669,0.4067441342992655,0.3168797128409673,0.0354464549559678,0.0084409989764328,0.0076527756241905,0.0181065192779948,0.0074794948916228,0.0072499461261791,CLOSED,2,"right_ear, ear"
756,0.3200672970849868,0.3074772987359861,0.3137722979104864,0.030480583991459,0.0105555167462997,0.0089561595171366,0.0346984857525116,0.0104629336483815,0.0108750596904412,CLOSED,2,"left_ear, left_eye_height_1"
757,0.338936696966415,0.3266772594558033,0.3328069782111091,0.0304676218661609,0.0111887833432052,0.0094644068962714,0.0346887604743065,0.0111014277586432,0.0115626306526873,CLOSED,4,"left_ear, ear, left_eye_height_1, left_eye_height_2"
758,0.3258916579584325,0.3262951806434948,0.3260934193009637,0.0297496183797539,0.0106011666833387,0.0087891382314785,0.034408889917202,0.0108759816680726,0.0115789282344784,CLOSED,3,"left_ear, ear, left_eye_height_1"
836,0.3005203223933305,0.3767061990667392,0.3386132607300348,0.0311249911736335,0.009579560193927,0.0091278245700527,0.0305181482563788,0.0107195811147145,0.0122731701497169,CLOSED,2,"right_ear, ear"
837,0.3236826872811001,0.3345456504216484,0.3291141688513743,0.031043595828368,0.0101887788622384,0.0099077701789505,0.0311550241405862,0.0096097826546118,0.0112357729754173,CLOSED,4,"left_ear, ear, left_eye_height_1, left_eye_height_2"
838,0.3405762020035934,0.3341613715933805,0.337368786798487,0.0315621682638589,0.010996748703646,0.0105018980849607,0.031272473777207,0.0096590246711878,0.0112410807898312,CLOSED,4,"left_ear, ear, left_eye_height_1, left_eye_height_2"
839,0.3267240040370723,0.3489178332838702,0.3378209186604713,0.0331390067395299,0.0112174617813555,0.0104371561621459,0.0311943534052681,0.0101749404508513,0.0115935919508635,CLOSED,4,"left_ear, ear, left_eye_height_1, left_eye_height_2"
840,0.3165736081922663,0.3163447704131781,0.3164591893027222,0.0327572677540565,0.0107592943308904,0.0099808785639532,0.0314304765901577,0.0091929467745365,0.0106927870272438,CLOSED,4,"left_ear, ear, left_eye_height_1, left_eye_height_2"
841,0.2945245914575582,0.3044634927400645,0.2994940420988114,0.032622098558224,0.0099727743549494,0.0092432461457488,0.0317040600787129,0.0088336422164382,0.0104718155147733,CLOSED,2,"left_eye_height_1, left_eye_height_2"
844,0.2627283743581204,0.3738398958236911,0.3182841350909058,0.0336723021246144,0.0091887920351544,0.0085045463610364,0.0309588626648983,0.0107269529319624,0.0124203630549687,CLOSED,3,"right_ear, ear, right_eye_height_2"
845,0.2947666818427312,0.3782470227373182,0.3365068522900247,0.0334805270438582,0.0102058308130141,0.0095320569131137,0.0305693004948782,0.010785523421156,0.0123399703775441,CLOSED,4,"right_ear, ear, left_eye_height_1, left_eye_height_2"
846,0.2909824117842064,0.3565837471568751,0.3237830794705407,0.0334719691447223,0.0099840630946091,0.0094954455231865,0.0299834747710265,0.0099402394702687,0.0114430001030038,CLOSED,3,"ear, left_eye_height_1, left_eye_height_2"
847,0.304680255964968,0.3465984660903779,0.325639361027673,0.0340283619190588,0.0107019092702219,0.0100336307689129,0.0300891161677353,0.009749218915122,0.0111084641043825,CLOSED,3,"ear, left_eye_height_1, left_eye_height_2"
848,0.2949717330307226,0.3744522076305939,0.3347119703306582,0.0336270863560574,0.0101242124756742,0.0097138674027658,0.0302082116810908,0.0106081795695343,0.0120148835355791,CLOSED,4,"right_ear, ear, left_eye_height_1, left_eye_height_2"
849,0.3123372221359042,0.3637136304387235,0.3380254262873139,0.0334604489065221,0.0106535311620993,0.0102483561636675,0.0299492369743994,0.0102374349439065,0.0115484564737504,CLOSED,5,"left_ear, right_ear, ear, left_eye_height_1, left_eye_height_2"
850,0.3274064395811876,0.3587648257475362,0.3430856326643619,0.0338977868655032,0.0112755643112151,0.0109211431034175,0.0296670033140244,0.0099707989910156,0.0113161555577994,CLOSED,4,"left_ear, ear, left_eye_height_1, left_eye_height_2"
851,0.3189487535244497,0.3763856179891121,0.3476671857567809,0.0337093290493236,0.0109359863350244,0.0105671106298301,0.0297870589686168,0.0105158980902608,0.0119069431057011,CLOSED,5,"left_ear, right_ear, ear, left_eye_height_1, left_eye_height_2"
852,0.2861165033777562,0.3314213271856739,0.3087689152817151,0.0345126242766738,0.0101852312127653,0.009564031548099,0.0306021823133097,0.0094390011797335,0.0108454305743765,CLOSED,2,"left_eye_height_1, left_eye_height_2"
856,0.2991820777288398,0.3518255639995333,0.3255038208641866,0.0321002541256451,0.0099106846550253,0.0092969567948431,0.0287333731684037,0.0094694482940815,0.0107488221470838,CLOSED,3,"ear, left_eye_height_1, left_eye_height_2"
857,0.3068203224284168,0.3682894954919541,0.3375549089601855,0.0324096024841883,0.0102663662384813,0.0096214831294696,0.0285933997916591,0.0098131680965985,0.0112481294707412,CLOSED,4,"right_ear, ear, left_eye_height_1, left_eye_height_2"
858,0.361196022509843,0.3669959193565372,0.3640959709331901,0.0326617075049417,0.0120826500530677,0.0115119076252619,0.0290333818097175,0.0100999322725622,0.0112103330260111,CLOSED,5,"left_ear, right_ear, ear, left_eye_height_1, left_eye_height_2"
859,0.3307416622450124,0.3197498567257916,0.325245759485402,0.0330782371639051,0.0111982735617146,0.0106824287257348,0.028800909107942,0.0086666993539529,0.0097514737677211,CLOSED,4,"left_ear, ear, left_eye_height_1, left_eye_height_2"
860,0.3248704346430379,0.3149190112078512,0.3198947229254446,0.0326666248219389,0.0107296171604787,0.01049522404797,0.0287282914364712,0.0085474464075867,0.0095467238581422,CLOSED,4,"left_ear, ear, left_eye_height_1, left_eye_height_2"
861,0.3539203563820658,0.3149759010526473,0.3344481287173566,0.0335912665115472,0.0120485590551152,0.0117287069750682,0.0290362561855259,0.008682814700634,0.009608627209829,CLOSED,4,"left_ear, ear, left_eye_height_1, left_eye_height_2"
862,0.3307090591150584,0.3546736348877441,0.3426913470014013,0.0336598624883119,0.0113212280163743,0.0109420148905294,0.0286298453331593,0.0097111077532139,0.0105973948679571,CLOSED,4,"left_ear, ear, left_eye_height_1, left_eye_height_2"
863,0.3371136315581285,0.3512501466602596,0.3441818891091941,0.0333427621962478,0.0113925839997708,0.0110880153005415,0.0292135911447751,0.0097436663051104,0.0107788900430398,CLOSED,4,"left_ear, ear, left_eye_height_1, left_eye_height_2"
864,0.3418943178066693,0.3618317399291283,0.3518630288678988,0.0329137306355028,0.0113704322306903,0.0111356027335051,0.0289804046217543,0.0100020539525138,0.0109700065037652,CLOSED,5,"left_ear, right_ear, ear, left_eye_height_1, left_eye_height_2"
943,0.2987645015187796,0.3112647205276773,0.3050146110232284,0.0312764683298142,0.0097062560978093,0.0089823408418402,0.0311112515737515,0.0091450703397865,0.0102225997129535,CLOSED,1,left_eye_height_1
983,0.3324343892080317,0.3642159070293479,0.3483251481186898,0.0271146691157496,0.0091182458940284,0.0089094510381157,0.0259458420664416,0.0088601278356611,0.0100396489680773,CLOSED,3,"left_ear, right_ear, ear"
984,0.376712074274281,0.29445997699252,0.3355860256334005,0.0284776462647588,0.0109050898212107,0.0105506565684822,0.0280262229450117,0.0076619008635611,0.0088433010635896,CLOSED,4,"left_ear, ear, left_eye_height_1, left_eye_height_2"
985,0.414406302089927,0.3499590532195393,0.3821826776547332,0.0293870211671246,0.0124933131491538,0.0118630203934592,0.0271660104135508,0.0090178139650021,0.0099961686031546,CLOSED,4,"left_ear, ear, left_eye_height_1, left_eye_height_2"
986,0.3647583822480785,0.3647607893871214,0.3647595858176,0.0307829355033745,0.0114183325089337,0.0110383350011818,0.0281415164833821,0.0097083145636767,0.0108215289703815,CLOSED,5,"left_ear, right_ear, ear, left_eye_height_1, left_eye_height_2"
987,0.3796815114331683,0.3643399992759714,0.3720107553545698,0.0316135300200771,0.0123222340902614,0.01168391162926,0.0297718950785109,0.010411375641735,0.0112828088209628,CLOSED,5,"left_ear, right_ear, ear, left_eye_height_1, left_eye_height_2"
988,0.3787719216969384,0.3811899461926645,0.3799809339448015,0.0325322469427327,0.0128911415963588,0.0117534617868776,0.029763385541229,0.0110097992580509,0.0116812074078942,CLOSED,5,"left_ear, right_ear, ear, left_eye_height_1, left_eye_height_2"
989,0.3981064529300466,0.3840621632812774,0.391084308105662,0.0335406443921412,0.0137270541955539,0.0129784397403329,0.0299891866011513,0.0110989212810953,0.0119365024810727,CLOSED,5,"left_ear, right_ear, ear, left_eye_height_1, left_eye_height_2"
990,0.3791395489205912,0.3926129281094924,0.3858762385150418,0.0335532273136745,0.0131770323380305,0.0122656785990426,0.0299400053511796,0.0113544040474536,0.0121552622896274,CLOSED,6,"left_ear, right_ear, ear, left_eye_height_1, left_eye_height_2, right_eye_height_1"
991,0.3713974745784155,0.3783917028691798,0.3748945887237976,0.0345877348370287,0.0132018695609851,0.0124897251787355,0.0298986219249165,0.0106756491503398,0.0119511317768821,CLOSED,5,"left_ear, right_ear, ear, left_eye_height_1, left_eye_height_2"
992,0.3708081261311647,0.3905105879101833,0.380659357020674,0.033752045603466,0.0128599738792169,0.0121710916874127,0.0291639126811949,0.0110193000869753,0.011758333286814,CLOSED,5,"left_ear, right_ear, ear, left_eye_height_1, left_eye_height_2"
993,0.3522724293984758,0.3908843764357732,0.3715784029171245,0.0341843035185222,0.0124215773807286,0.0116627979148007,0.0297046086143331,0.0112254187808696,0.011996716050095,CLOSED,6,"left_ear, right_ear, ear, left_eye_height_1, left_eye_height_2, right_eye_height_1"
